,Spike variant,PDB code,n_nodes,n_edges,aspl,diameter,mean_deg
0,Omicron,7tgw,3307,12284,14.004757182467445,36,7.429089809495011
1,Delta,7w92,3206,11725,14.592940693298349,36,7.314410480349345
2,Alpha,7edf,3065,11140,14.464638447220578,37,7.269168026101142
3,Wild Type,6vyb,2875,11509,12.895702520347342,32,8.006260869565217
