,Spike variant,PDB code,n_nodes,n_edges,aspl,diameter,mean_deg
0,Omicron,7wk2,3171,12242,13.553631839014253,31,7.721223588773258
1,Delta,7sbk,3303,12938,12.659750977994236,33,7.834090221011202
2,Alpha,7fet,3003,11045,13.779770085566222,36,7.355977355977356
3,Wild Type,6vxx,2916,11741,12.25461933568153,29,8.05281207133059
