,Spike variant,PDB code,n_nodes,n_edges,aspl,diameter,mean_deg
0,Omicron,7wk4,3743,14405,17.463927319594475,44,7.697034464333423
1,Delta,7w98,3777,14612,17.59113619229682,46,7.737357691289383
2,Wild Type,7df4,3798,15173,16.229649304632424,44,7.989994734070564
